"filename", "language", "Dart", "comment", "blank", "total"
"/Users/zhangyutong/connssh/lib/help_page.dart", "Dart", 115, 0, 4, 119
"/Users/zhangyutong/connssh/lib/main.dart", "Dart", 88, 0, 15, 103
"/Users/zhangyutong/connssh/lib/main_page.dart", "Dart", 1082, 17, 62, 1161
"/Users/zhangyutong/connssh/lib/manage_connections_page.dart", "Dart", 317, 3, 30, 350
"/Users/zhangyutong/connssh/lib/manage_credentials_page.dart", "Dart", 518, 2, 33, 553
"/Users/zhangyutong/connssh/lib/models/app_settings_model.dart", "Dart", 70, 1, 6, 77
"/Users/zhangyutong/connssh/lib/models/connection_model.dart", "Dart", 78, 0, 9, 87
"/Users/zhangyutong/connssh/lib/models/credential_model.dart", "Dart", 56, 0, 5, 61
"/Users/zhangyutong/connssh/lib/monitor_server_page.dart", "Dart", 787, 9, 79, 875
"/Users/zhangyutong/connssh/lib/quick_connect_dialog.dart", "Dart", 529, 2, 38, 569
"/Users/zhangyutong/connssh/lib/read_key_info_page.dart", "Dart", 290, 4, 31, 325
"/Users/zhangyutong/connssh/lib/services/setting_service.dart", "Dart", 65, 0, 12, 77
"/Users/zhangyutong/connssh/lib/services/ssh_service.dart", "Dart", 59, 0, 9, 68
"/Users/zhangyutong/connssh/lib/services/storage_service.dart", "Dart", 124, 0, 27, 151
"/Users/zhangyutong/connssh/lib/setting_page.dart", "Dart", 934, 7, 57, 998
"/Users/zhangyutong/connssh/lib/sftp_page.dart", "Dart", 1596, 52, 170, 1818
"/Users/zhangyutong/connssh/lib/terminal_page.dart", "Dart", 692, 26, 74, 792
"Total", "-", 7400, 123, 661, 8184